user,in_degree,out_degree
AlonsoMLO,0,0
fogarasi,0,0
lane.nt.14,0,0
Aurel.,8,29
deuxfov,0,20
hechadwick3,1,1
jjanggu,0,0
waldezign,0,0
ArmandHerve____,0,0
mrjayshapiro,0,0
Roderek,0,0
jason.s.pedersen,1,0
wabihamdi,0,0
Phantom1016,0,0
braunarsch,0,0
rambone,1,2
124,0,0
RodricusCollins2014,0,0
mmartin,0,1
candyrod,0,0
nick_ricci,0,0
dzudzu,1,1
benzo_ferrari,0,0
Karen_Dustry,0,0
mihai,0,0
neo914,0,0
joeberger2004,1,0
vengaspeed,0,0
Oskar,0,0
mikey.hill,0,0
djc2,0,5
moksh,0,0
dshed,0,0
wjoshua1,0,0
AutodesignerDave,0,0
Tmh2duggy,0,0
keiseanc,0,0
Olmecahead,0,0
msyoven,0,0
mandita,1,1
TBfNmiZFlT,0,0
BWash15,1,0
sleepy,0,0
Reggiani,0,0
robofreak,0,0
tthomas,0,2
speedracer,0,0
wcpfour,0,0
djcamilleri02,0,0
adammentz,0,0
Tony_Rivera,22,27
Vling,0,0
Funcars_For_Everyday,0,1
LR,0,0
djfearnley,0,0
Fiammama,0,1
Gibus,2,2
Tyler_450,0,0
Palethorpe,0,0
1406841095,0,2
shoemaker10,0,0
Tym,0,0
aleleghissa,0,3
crazymotionride,0,0
dasbeev,0,0
Me2,0,0
mark2257,1,4
filski,1,0
Bentley_Boy,0,0
Kenetic,0,0
rizawerks,0,0
DAVID-N,6,19
Designova,0,0
Bearon,0,4
RaMansell,26,29
stefansteenkamp,0,0
Haleewood,0,0
chevellion,0,0
mohsen-janbarari,0,1
jakeiarnold,0,1
designman4,1,0
charlesm0428,0,0
vasilatos_ianis,3,4
KPisani,0,0
emdesigns,0,0
wamarler,0,0
AdamKeiser,0,0
billy1911,0,0
maker-of-nothing,0,0
Ra,0,0
SpeKterDesn,2,1
tacoxl,1,0
joonster,0,0
boomhauer,0,0
jtest1,0,0
MikeBDFE,1,1
steampunk,0,0
KLOHR,0,0
Beachcowboy,2,2
jaurigue,0,1
awest,0,0
Sergiu_Lazin,2,0
dkpinho,1,1
sheriffdesignstudio,0,0
romanbasti,0,0
wadewilliams,3,1
devin_khan,0,0
excidius,0,0
Wazioc,0,0
PlutoNZ,0,0
TwoShoes,0,0
dooj,0,0
Reload,1,0
Franchute,0,0
exit,0,0
buryat,0,0
tgsdim,0,0
DSigner,0,0
Oct8n,0,0
jdarl79,0,0
AlexFi,2,2
Cas,0,0
aesthete7,0,0
youknowitsomar170,0,0
Madjammer,6,0
Canay,0,0
GoranIgor,0,0
leonharddesign,0,0
Coyote1,0,0
andreyi,0,0
UNDB,0,0
Aurel,0,5
Tronco,0,0
Spartan_N23,0,0
MichaelIsBest,0,0
justinmc,0,0
Roli,0,0
TheCarDesigner,0,0
Jaco,0,0
crisiiicube,0,1
moebius,0,1
johnbeams,0,0
Ellocomotive,0,1
Rodox,0,0
Archer762,0,0
jeevasjose,0,0
benbordone,0,0
jrogers,4,14
Dias,0,0
rf61,1,0
BigPetey512,0,0
JakeFerguson,3,4
soccermo2000,0,0
driha,0,12
YoavShapira,0,0
sirrokr,0,1
Ben-J,0,0
sixten,0,0
Marian,0,0
lulu,0,0
Kokorba6iqta,0,0
Stingraysstudios,0,0
joelongnecker,0,0
Flyball,1,0
kurtvargas,1,0
RODEO,0,0
autob0t,0,0
andrew.caffas,0,0
TerasAlexandros,0,0
GISHKA,0,0
Ari,0,0
Dannyxxboi,0,0
Mahdi,0,0
Aracnid,0,0
hnackley,1,0
extreme,0,0
Blacktulip13,0,0
Tellurian,0,0
WiKID,0,0
btbredft,0,0
rossionmike,0,0
rahulpillaima,0,0
bluespeed,0,0
pwhirl,0,1
ericthedesigner,0,1
jjones,0,0
brandabat,0,0
rees338,0,0
howhigh,0,0
idesigncars,33,76
kev_kev,0,0
lee-herge,0,0
David_Borden,0,0
KEKOEV,0,0
c1freestyler,0,0
DanDascalescu,4,1
elielrojas,0,0
demist,1,0
Jonathan,0,0
singh26,1,0
Taskin,1,0
Spiritualjedi,0,0
spoon334,0,11
miller,0,0
eclips,0,0
TheUltimateCarDesigner,0,0
alxart,0,0
GameVortexGeck0,0,0
tjuzhengqing791,0,0
goconnell,0,0
Siddhu911,0,0
KarinO,0,0
davidkiss,0,2
Clancey,1,0
Badger,0,0
CaptainJack,0,0
guakamolie,0,0
sarahstokes,0,11
somethingclever,0,0
slick_nick,5,1
ADIS,0,0
Brianm,0,0
tashwill,0,6
erik260,1,2
MasonBW17,0,0
Dontoh,1,0
chemengine,0,0
62A,0,0
rayacox,0,0
Next1210,0,0
Chadm55,0,0
AlaricEgli,0,0
nilsh,0,16
vestep,0,0
Kyle,0,0
localmotors,0,26
Spectre23,0,0
mititeliade,0,0
Chalk.,0,0
mutinymanx,0,0
benleblanc,5,2
DavidUrbanic,0,1
RACEXSTREAMS,0,0
ely862me,0,0
ke7ofi,1,0
petermurray,0,0
iMAN,0,0
Errison,0,0
danaleanneturner,2,0
aleopold,0,21
Ahlgren,0,0
Vernon715,0,0
Ryan_Hendrixson,0,1
onevision_25,0,0
fossjw,0,0
Joe_Limon,0,0
BGreif,0,0
einuesse,2,2
jcalca,0,0
hnut,0,0
King.Kiq,0,0
bensmith88,0,0
felix.labelle.960620,0,0
jeffreylfrusha,0,0
bonobo,0,0
RF22,5,2
gwilson,2,1
gabriel_r,0,0
sm3006,0,0
Sam123,0,0
MicheleAbbate,0,0
Grzegorz21,0,0
buCARsa,0,4
AlPerekt,4,0
grobbos,0,0
Cjacobs,0,0
jburns,0,0
Luci_ued,0,0
QVI_ANR,0,0
jt3000,0,0
isaacolson,0,0
jarimuse,0,0
FLITCH,0,0
https:lm-shop.s3.amazonaws.comuploads4df509c8-8384-4dbd-8854-4cfaa45cf7e8.par,0,0
Buddyz,1,1
texas_mike,0,0
Lude,0,0
judgemental541,0,9
Phillysteak527,1,1
prugh1224,1,1
bigbug,0,0
jvanvorst,0,1
chasecrum,0,0
Sciocont,0,0
ng.noble,0,0
silkyz,1,2
part9,0,0
moorecars,1,0
suzq044,0,0
MattJackson,1,16
Gnanasingh,0,0
vitriolic1,6,0
UAV_engineer,1,1
danymically,0,0
bhajansrockin,0,0
wakeboardmn,49,38
aradiel83,0,0
jcastil,0,0
rfw1994,0,0
maria-meltsaeva,0,0
nfreytag,0,35
jray,0,0
Frankmorales,0,0
Magentis,0,1
gferguson,0,0
Indianmick,2,2
swissrallyfighter,0,0
@justinbro,0,0
9595mayerantal,0,0
donhenny,0,0
DR1665,0,0
hellswung,2,4
blocklori,0,1
aeolus,0,0
https:lm-shop.s3.amazonaws.comuploads7211a434-1141-478e-81cb-763dd1106ced.SLDPRT,0,1
Huynh_Ngoc_Lan,0,0
peppypri,0,0
SEIZMICdesign,0,0
NemoDesigns,3,4
mpisani,0,37
vprime,0,1
LM-Kate,2,36
