user,keyword_count,keyword_frequency
jcalca,1,1
joonster,0,0
johnbeams,22,70
eclips,3,3
sirrokr,1,1
wabihamdi,0,0
RODEO,2,2
dzudzu,3,4
jarimuse,12,27
sarahstokes,7,9
TBfNmiZFlT,1,1
lulu,0,0
tgsdim,3,4
Vling,14,30
jtest1,4,4
maria-meltsaeva,5,8
waldezign,8,12
buCARsa,3,7
TheCarDesigner,0,0
RACEXSTREAMS,7,13
ng.noble,2,2
jjanggu,0,0
ADIS,1,1
YoavShapira,4,7
c1freestyler,4,6
Flyball,1,1
CaptainJack,2,2
rizawerks,1,1
wakeboardmn,28,414
Oct8n,2,2
sixten,3,3
filski,21,57
bluespeed,0,0
David_Borden,5,6
rf61,1,1
buryat,1,1
Vernon715,2,2
andreyi,3,4
UNDB,7,15
Funcars_For_Everyday,1,1
dkpinho,1,1
GISHKA,8,12
Gnanasingh,5,5
https:lm-shop.s3.amazonaws.comuploads4df509c8-8384-4dbd-8854-4cfaa45cf7e8.par,1,1
youknowitsomar170,0,0
prugh1224,2,3
Huynh_Ngoc_Lan,0,0
Bentley_Boy,27,99
MattJackson,11,20
Ben-J,2,2
Designova,12,41
Blacktulip13,0,0
Spartan_N23,0,0
robofreak,4,5
danymically,1,1
BigPetey512,0,0
braunarsch,21,110
Taskin,2,3
Dontoh,0,0
benleblanc,8,14
Frankmorales,0,0
Ahlgren,1,1
bigbug,1,1
PlutoNZ,1,1
grobbos,1,1
MikeBDFE,3,11
Badger,1,1
jvanvorst,2,3
jaurigue,1,1
bhajansrockin,6,12
ArmandHerve____,1,1
Madjammer,2,4
justinmc,4,5
https:lm-shop.s3.amazonaws.comuploads7211a434-1141-478e-81cb-763dd1106ced.SLDPRT,0,0
stefansteenkamp,2,2
Indianmick,5,15
FLITCH,10,14
jburns,0,0
RodricusCollins2014,3,3
Beachcowboy,11,52
Bearon,6,17
nilsh,9,22
AlonsoMLO,1,1
Buddyz,13,48
Ryan_Hendrixson,1,1
Marian,4,4
mutinymanx,0,0
LR,5,6
spoon334,10,17
jeevasjose,1,1
fogarasi,12,21
Me2,25,182
goconnell,0,0
tjuzhengqing791,0,0
jason.s.pedersen,0,0
Ra,3,3
Phantom1016,4,5
mohsen-janbarari,1,1
Archer762,5,6
btbredft,5,13
Brianm,29,146
rambone,5,6
TheUltimateCarDesigner,4,8
Siddhu911,8,11
onevision_25,5,6
maker-of-nothing,2,2
Jonathan,10,11
aleopold,21,220
hnackley,3,6
Spiritualjedi,2,2
Kenetic,3,6
Mahdi,2,2
AlPerekt,5,16
Grzegorz21,0,0
donhenny,1,1
moebius,8,16
sm3006,1,2
Tmh2duggy,0,0
jjones,1,1
WiKID,17,49
Errison,0,0
speedracer,8,11
wamarler,0,0
KarinO,5,12
Tyler_450,13,46
msyoven,1,1
Jaco,6,24
Aracnid,1,1
Reggiani,15,35
vestep,5,8
Roli,4,8
erik260,0,0
steampunk,0,0
gabriel_r,4,6
Next1210,1,1
kev_kev,2,2
Cjacobs,0,0
Lude,7,7
bensmith88,1,3
chasecrum,0,0
blocklori,0,0
deuxfov,27,121
jt3000,2,2
demist,7,8
Coyote1,3,3
tthomas,12,39
danaleanneturner,7,10
mmartin,0,0
elielrojas,0,0
Chadm55,2,2
tashwill,12,22
gwilson,4,6
Aurel.,34,572
wjoshua1,1,1
BWash15,5,7
DSigner,2,2
mihai,4,4
Dannyxxboi,3,4
DanDascalescu,7,10
sheriffdesignstudio,3,3
andrew.caffas,0,0
Karen_Dustry,0,0
miller,2,2
rees338,0,0
KLOHR,1,2
leonharddesign,4,4
Gibus,10,13
Sciocont,0,0
soccermo2000,5,5
idesigncars,35,733
autob0t,5,5
Spectre23,4,4
Tony_Rivera,23,115
SEIZMICdesign,1,1
shoemaker10,4,4
MasonBW17,16,31
TerasAlexandros,8,12
Cas,0,0
jrogers,34,403
hellswung,4,10
aleleghissa,2,3
lane.nt.14,2,2
62A,0,0
Joe_Limon,12,20
GoranIgor,3,3
wadewilliams,6,9
keiseanc,2,3
mandita,3,4
crazymotionride,0,0
GameVortexGeck0,4,5
wcpfour,4,6
RaMansell,16,57
JakeFerguson,8,14
mititeliade,7,18
rahulpillaima,0,0
djcamilleri02,1,1
AlaricEgli,1,1
AutodesignerDave,6,10
ke7ofi,1,1
rfw1994,6,10
swissrallyfighter,4,8
crisiiicube,1,1
QVI_ANR,0,0
peppypri,2,2
Fiammama,4,7
brandabat,0,0
Tellurian,1,1
localmotors,33,376
Rodox,5,9
extreme,14,21
exit,13,20
davidkiss,9,11
Canay,1,1
judgemental541,11,19
felix.labelle.960620,0,0
jray,1,1
Oskar,1,1
sleepy,20,74
Reload,3,3
dshed,4,7
driha,28,192
nick_ricci,0,0
djc2,9,12
Kyle,2,2
lee-herge,1,2
Sergiu_Lazin,17,53
SpeKterDesn,4,4
Phillysteak527,0,0
124,7,8
part9,1,1
joelongnecker,3,3
benzo_ferrari,21,37
billy1911,1,1
chevellion,3,3
NemoDesigns,27,125
mpisani,32,495
fossjw,1,1
MicheleAbbate,5,5
LM-Kate,5,33
aesthete7,0,0
gferguson,0,0
suzq044,26,107
Palethorpe,18,35
AdamKeiser,1,1
vprime,4,5
pwhirl,10,10
mark2257,15,40
singh26,2,2
boomhauer,0,0
djfearnley,10,21
TwoShoes,3,3
RF22,16,47
tacoxl,5,6
mikey.hill,0,0
Olmecahead,1,1
petermurray,3,3
@justinbro,1,1
Magentis,0,0
moksh,9,22
DavidUrbanic,0,0
benbordone,7,9
jcastil,2,2
silkyz,1,1
somethingclever,0,0
dasbeev,9,12
Wazioc,6,7
isaacolson,9,17
dooj,7,10
designman4,0,0
Luci_ued,1,1
chemengine,4,6
neo914,1,1
excidius,3,3
jeffreylfrusha,2,3
Tronco,2,2
iMAN,1,1
DR1665,3,4
bonobo,1,1
Ari,28,129
mrjayshapiro,1,1
adammentz,0,0
1406841095,0,0
hechadwick3,3,4
howhigh,3,3
BGreif,1,1
Franchute,5,8
Sam123,0,0
einuesse,0,0
devin_khan,0,0
9595mayerantal,2,2
Stingraysstudios,8,23
hnut,6,7
slick_nick,18,89
rayacox,1,2
vitriolic1,11,22
candyrod,2,2
King.Kiq,1,1
ely862me,15,30
aeolus,5,6
Aurel,15,32
Dias,0,0
moorecars,0,0
guakamolie,1,1
DAVID-N,9,29
charlesm0428,1,1
nfreytag,2,37
Roderek,0,0
Kokorba6iqta,3,3
kurtvargas,4,4
Chalk.,9,16
awest,0,0
jdarl79,10,15
Ellocomotive,4,6
Haleewood,9,30
joeberger2004,2,2
jakeiarnold,1,1
ericthedesigner,2,2
UAV_engineer,9,11
romanbasti,0,0
emdesigns,1,1
Clancey,1,1
KEKOEV,3,3
vasilatos_ianis,4,5
rossionmike,0,0
KPisani,0,0
AlexFi,21,58
alxart,5,5
vengaspeed,2,2
aradiel83,0,0
texas_mike,1,1
Tym,5,5
MichaelIsBest,0,0
